Word,Valence,Arousal
ABDOMEN,4.77,5.05
ACID,3.14,6.53
ACORN,5.47,4.04
ACROBAT,6.01,5.99
ACTOR,5.76,5.6
ACTRESS,6.09,5.45
ADOLESCENT,5.17,5.43
ADULT,5.77,5.4
AFRICA,5.47,5.54
AGENT,4.9,5.54
AIRCRAFT,5.7,6.2
AIRPLANE,5.68,6.15
AIRPORT,5.37,6.26
ALBUM,6.06,4.4
ALLEY,4.6,5.55
ALLIGATOR,4.27,6.68
ALMANAC,5.67,4.39
ALMOND,6.15,4.43
AMBULANCE,3.91,7.1
ANCESTOR,6.07,4.73
ANCHOR,5.12,4.36
ANGEL,7.13,4.05
ANIMAL,6.35,5.14
ANKLE,5.23,4.53
ANT,4.04,5.18
ANTEATER,4.99,5.16
ANTELOPE,5.81,4.56
ANTENNA,5.19,4.78
ANTLER,5.22,5.05
APARTMENT,5.35,4.67
APE,5.51,5.87
APPENDAGE,4.83,5.14
APPLE,6.86,4.54
APPLICATION,5.05,5.24
APRON,5.29,4.07
ARCHITECT,5.79,5.1
ARENA,5.51,5.89
ARM,5.44,4.61
ARMY,4.76,6.64
ARROW,5.17,5.83
ARTERY,4.82,5.61
ARTICLE,5.4,4.81
ARTIST,6.53,4.91
ASH,3.93,4.77
ASHTRAY,3.08,5.23
ASIA,5.96,5.44
ASPIRIN,5.5,4.77
ASSISTANT,5.56,4.88
ASSOCIATE,5.26,4.79
ASTEROID,4.89,6.51
ASTRONAUT,6.58,5.96
ATHLETE,6.06,5.89
ATLAS,5.89,4.82
ATMOSPHERE,5.97,4.4
ATOM,5.59,5.22
ATTIC,5.05,4.77
ATTIRE,5.57,4.75
ATTORNEY,4.22,6.24
AUDIENCE,5.53,5.78
ESSAY,4.47,5.22
EUROPE,6.43,5.48
EWE,5.37,3.96
EXPERT,6.06,5.27
EXPLOSION,3.06,7.85
EYE,5.75,4.96
EYELASH,5.65,4.61
AUNT,6.39,4.35
AUTHOR,5.98,4.51
AUTOMOBILE,5.9,5.67
AWARD,6.92,6.1
BABY,6.69,4.84
BACK,4.96,4.77
BACKBONE,5.47,5.13
BACON,6.77,5.67
BADGE,5.16,5.53
BAG,5.39,4.47
BAIT,4.46,5.34
BAKER,6.25,4.11
BALCONY,6.1,4.37
BALL,5.86,5.02
BALLERINA,6.35,4.82
BALLOON,6.43,4.28
BALLOT,5.21,5.22
BANANA,6.68,4.45
BAND,6.2,5.52
BANDAGE,4.25,5.47
BANDANNA,5.26,4.5
BANDIT,3.14,6.81
BANJO,5.91,5.09
BANK,5.22,5.48
BANKER,4.54,5.44
BANNER,5.47,4.73
BANQUET,6.3,5.33
BARK,4.63,5.65
BARLEY,5.34,4.12
BARN,5.68,3.98
BARRACUDA,4.05,6.59
BARREL,5.12,4.51
BARTENDER,5.71,5.35
BASEBALL,5.88,5.26
BASEMENT,4.98,4.67
BASKET,5.6,4.22
BASKETBALL,5.85,5.56
BASSINET,5.61,4.11
BATH,6.44,3.11
BATHROOM,5.04,4.52
BATHTUB,6.05,3.22
BATTERY,5.18,5.31
BAY,6.12,3.54
BEAD,5.51,4.52
BEAKER,5.26,4.86
BEAN,5.63,4.39
BEAR,5.28,6.78
BEARD,5.11,4.97
BEAST,3.79,6.69
BEAVER,5.56,4.91
BED,6.91,3.05
BEDROOM,6.45,3.93
BEE,4.32,6.32
BEEF,5.93,5.32
BEER,5.71,5.28
BEET,4.55,4.42
BEETLE,4.15,5.51
BEGGAR,3.32,5.82
BELL,5.8,5.09
BELLY,4.83,4.9
BELT,5.04,4.81
BENCH,5.46,4.06
BERRY,6.82,4.4
BEVERAGE,6.52,4.54
BIBLE,4.8,4.23
BIKE,6.24,5.21
BILL,3.9,5.75
BINDER,5.01,4.51
BIOLOGIST,5.93,5.12
BIRD,6.44,4.31
BISCUIT,6.28,4.17
BISON,5.55,5.03
BLACKBERRY,6.47,4.53
BLACKBOARD,5.16,4.64
BLADE,4.42,6.53
BLANKET,6.47,2.74
BLENDER,5.53,5.16
BLOCKADE,3.83,6.21
BLOSSOM,6.89,3.84
BLOUSE,5.89,4.64
BLUEBERRY,6.89,4.35
BLUEJAY,6.54,4.38
BLUEPRINT,5.48,4.72
BOARD,5.12,4.37
BOAT,6.26,4.52
BODY,5.66,5.56
BOLT,4.94,5.37
BOMB,2.25,7.5
BONE,4.87,5.13
BOOK,6.98,3.83
BOOT,5.27,4.7
BOOTH,5.25,4.52
BOSS,4.39,6.14
BOTTLE,5.45,4.56
BOUILLON,5.5,4.38
BOULDER,4.93,4.69
BOULEVARD,5.52,4.6
BOUQUET,6.55,4.14
BOWL,5.51,4.21
BOX,5.17,4.57
BOXER,5.02,6.37
BOY,6.01,4.76
BOYFRIEND,6.3,5.77
BRACELET,6.03,4.82
BRACES,3.97,5.15
BRAIN,6.34,5.58
BRAKE,5.04,5.3
BRAN,5.09,4.33
BRANCH,5.57,4.37
BRANDY,5.54,4.76
BREAD,6.47,3.98
BREAST,6.38,6
BRICK,5.02,4.79
BRIDE,6.72,5.22
BRIDGE,5.64,4.99
BRIEFCASE,5.13,4.67
BROCCOLI,5.55,4.47
BROOK,6.38,3.15
BROOM,4.92,4.46
BROTHER,6.41,4.88
BRUISE,3.18,6.09
BRUNETTE,6.53,4.97
BRUSH,5.46,4.23
BUBBLE,6.41,3.92
BUCKET,5.1,4.46
BUCKLE,5.19,4.75
BUFFALO,5.78,5.29
BUG,3.66,5.82
BUGGY,4.9,4.64
BUGLE,5.24,5.45
BUILDER,5.62,5.24
BUILDING,5.52,4.81
BULB,5.53,4.59
BULL,4.76,6.41
BULLET,3.31,7
BULLETIN,5.18,5.28
BULLY,2.34,6.95
BUN,5.82,4.37
BUNNY,7.03,3.64
BUREAU,4.79,4.76
BURGLAR,2.38,7.31
BUS,5,5.02
BUSH,5.11,4.27
BUTCHER,4.4,6.05
BUTLER,5.33,4.53
BUTTER,5.99,4.14
BUTTERFLY,7.18,3.52
BUTTON,5.48,4.43
BUYER,5.43,5.36
CAB,5.12,5.01
CABBAGE,4.95,4.33
CABIN,6.26,3.52
CABINET,5.38,4.4
CABLE,5.54,4.84
CABOOSE,5.37,4.93
CACTUS,4.82,5.49
CAFE,6.41,4.43
CAFETERIA,5.44,5.12
CAGE,3.54,6.04
CAKE,7.28,4.98
CALCULATOR,5.41,4.72
CALENDAR,5.5,4.59
CALF,5.84,4
CAMEL,5.36,4.66
CAMERA,6.35,5.27
CAN,5.2,4.51
CANAL,5.39,4.49
CANARY,6.26,4.33
CANDIDATE,4.85,5.44
CANDLE,6.31,3.8
CANDY,7.14,5.35
CANE,4.65,4.68
CANNON,4.38,6.57
CANOE,5.98,4.22
CANVAS,5.77,4.22
CANYON,5.98,4.64
CAP,5.41,4.33
CAPE,5.65,4.58
CAPITAL,5.42,5.28
CAPTAIN,5.54,5.78
CAPTIVE,2.9,7
CAR,6.02,5.66
CARAVAN,5.35,4.96
CARD,5.65,4.28
CARDINAL,6.14,4.26
CARNIVAL,6.75,6.67
CARPENTER,5.59,4.93
CARPET,5.58,4.01
CARRIAGE,5.67,4.41
CARROT,5.97,4.31
CART,5.32,4.54
CARTON,5.1,4.49
CASH,7.15,6.37
CASHEW,6.29,4.47
CASHIER,5.47,4.96
CASKET,2.73,6.22
CASTLE,6.31,5.59
CAT,6.6,4.29
CATCHER,5.39,5.02
CATERPILLAR,5.35,4.39
CATHEDRAL,5.75,4.16
CATTLE,5.35,4.6
CAULIFLOWER,4.92,4.39
CAVE,5.08,5.27
CAVITY,2.72,6.4
CEILING,5.3,4.2
CELERY,5.24,4.29
CELLAR,4.71,4.73
CELLO,6.02,4.05
CEMETERY,3.05,5.7
CENT,5.52,4.66
CERAMICS,5.79,4.36
CEREAL,6.31,4.12
CHAIN,4.54,5.29
CHAIR,5.63,4.05
CHAIRPERSON,4.84,4.92
CHALK,5.1,4.22
CHAMBER,5.01,4.96
CHAMPAGNE,6.33,5.41
CHAMPION,6.78,6.09
CHAPEL,5.59,3.83
CHARCOAL,5.16,4.74
CHART,5.38,4.65
CHAUFFEUR,5.5,4.68
CHECK,5.64,5.5
CHECKERS,5.96,4.4
CHEDDAR,6.4,4.68
CHEEK,5.58,4.61
CHEERLEADER,5.97,6.19
CHEESE,6.54,4.48
CHEF,6.31,4.96
CHEMICAL,4.19,6.01
CHEMIST,5.49,5.49
CHERRY,6.77,4.83
CHESS,5.75,4.25
CHEST,5.65,5.03
CHICK,6.23,4.87
CHICKEN,6.14,4.74
CHIEF,5.35,5.57
CHILD,6.21,5.02
CHIME,6.02,4.48
CHIMNEY,5.31,4.43
CHIMPANZEE,5.83,6.05
CHIP,5.62,4.76
CHIPMUNK,6.2,4.65
CHISEL,4.95,5.3
CHOCOLATE,7.52,5.28
CHURCH,4.86,4.14
CIGAR,3.81,5.06
CIGARETTE,3,5.9
CINNAMON,6.81,4.75
CIRCUS,6.03,6.25
CITIZEN,5.76,4.91
CITRUS,6.56,4.93
CITY,5.8,6.16
CLAM,4.95,4.23
CLAMP,4.51,5.23
CLARINET,5.8,4.57
CLASS,5.5,5.05
CLAW,4.26,6.07
CLAY,5.49,4.13
CLERK,5.29,4.62
CLIFF,4.64,6.38
CLIMBER,5.52,5.61
CLIPPERS,4.94,5.06
CLOCK,5.52,4.6
CLOSET,5.27,4.3
CLOTHES,6.03,4.55
CLOUD,6.46,2.78
CLOVE,5.45,4.14
CLOWN,4.91,5.96
COACH,5.68,5.37
COAL,4.45,4.91
COAT,5.7,4.23
COB,5.15,4.39
COBBLER,6.15,4.55
COBRA,3.45,7.33
COBWEB,3.49,5.13
COCKTAIL,6.06,5.17
COCOON,5.17,3.84
COD,5.01,4.44
COFFEE,6.7,5.61
COFFIN,2.53,6.24
COIN,6.02,5.02
COLESLAW,5.08,4.44
COLLAR,4.97,4.48
COLLEGE,6.21,5.64
COLOGNE,5.7,5.11
COLONEL,4.99,5.61
COLT,5.93,4.97
COLUMN,5.31,4.52
COMB,5.33,4
COMEDIAN,6.82,6
COMET,5.96,6.2
COMMANDER,5.01,6.22
COMMITTEE,4.86,5
COMMUNITY,6.32,4.61
COMPANION,6.78,4.42
COMPASS,5.62,4.8
COMPUTER,6.81,5.57
CONCERT,6.74,6.36
CONCRETE,4.91,4.61
CONDUCTOR,5.5,5.2
CONE,5.5,4.46
CONSOLE,5.71,4.28
CONSUMER,5.27,5.13
CONTAINER,5.42,4.43
CONTINENT,5.66,4.87
CONTRACT,4.77,5.38
CONTRACTOR,5.01,5.2
CONVENT,4.81,3.8
CONVICT,2.39,7.14
COOK,6.32,4.89
COOKBOOK,6.22,4.24
COOKIE,7.32,4.93
COOLER,5.85,4.24
COP,4.42,6.74
COPIER,5.11,4.56
CORAL,6.21,4.04
CORD,5.04,4.71
CORK,5.25,4.36
CORN,6,4.22
CORPORATION,4.07,5.58
COSTUME,5.87,5.28
COTTAGE,6.29,3.42
COTTON,6.19,3.5
COUCH,6.05,3.31
COUGAR,5.61,6.64
COUNTRY,6.12,4.37
COUNTY,5.48,4.46
COURSE,5.31,4.84
COURT,4.07,6.19
COUSIN,6.21,4.59
COW,5.66,4.07
COWARD,2.81,5.88
COWBOY,5.81,5.65
COYOTE,4.7,6.2
CRAB,5.24,5.15
CRACKER,5.78,4.52
CRADLE,5.76,3.6
CRATER,4.55,5.49
CRAYON,6.23,4.27
CREAM,6.08,4.23
CREATURE,4.71,5.95
CREEK,6.37,3.31
CREVICE,4.31,5.16
CREW,5.49,5.01
CRIB,5.66,4.1
CRICKET,4.77,4.44
CRIMINAL,2.4,7.22
CRITIC,3.8,6.08
CROCODILE,4.16,6.86
CROOK,2.51,6.78
CROSS,5.26,4.81
CROW,4.61,5.43
CROWN,5.93,5.42
CRUMB,4.64,4.38
CRUTCH,3.96,5.43
CRYSTAL,6.43,4.96
CUB,6.24,4.59
CUBE,5.3,4.29
CUCUMBER,5.82,4.28
CUE,5.23,4.8
CUFF,4.65,5.05
CUP,5.45,4.27
CUPBOARD,5.43,4.12
CURB,4.83,4.54
CURTAIN,5.54,4.12
CUSHION,6.27,3.45
CUSTARD,5.75,4.34
CUSTOMER,5.42,5.22
CYCLONE,3.44,7.34
CYLINDER,5.22,4.63
DAD,6.85,4.73
DAGGER,3.88,6.89
DAISY,7.01,3.36
DAM,5.15,4.96
DANCER,6.31,5.73
DANDELION,5.82,3.61
DANDRUFF,2.81,5.47
DART,4.86,5.84
DASHBOARD,5.39,4.83
DAUGHTER,6.8,4.71
DECK,5.68,4.01
DEER,6.3,4
DELINQUENT,2.85,6.55
DENIM,5.85,4.33
DENTIST,3.52,6.91
DEODORANT,5.73,4.65
DEPARTMENT,5.06,4.8
DEPUTY,4.98,6.07
DESIGNER,5.88,5.09
DESK,5.47,4.43
DESSERT,7.21,5.35
DETECTIVE,5.33,6.09
DETERGENT,5.39,4.57
DIAGRAM,5.3,4.68
DIAL,5.27,4.65
DIAMOND,6.93,5.88
DIAPER,3.45,5.05
DIARY,5.54,4.58
DICE,5.53,5.31
DICTATOR,2.57,6.77
DICTIONARY,5.73,4.75
DIGGER,4.94,5.14
DILL,5.09,4.49
DIME,5.75,4.95
DINER,6.26,4.72
DINNER,6.83,4.76
DINOSAUR,5.87,6.32
DIPLOMA,6.69,5.51
DIRECTOR,5.29,5.54
DIRT,3.99,4.89
DISC,5.36,4.58
DISH,5.61,4.29
DISHWASHER,5.52,4.69
DIVER,5.61,5.5
DOCK,5.61,4.12
DOCTOR,5.38,6.15
DOCUMENT,5.18,4.68
DOG,7.07,4.97
DOLL,5.71,4.01
DOLLAR,6.63,6.02
DOLPHIN,6.75,4.34
DONKEY,5.29,4.94
DONOR,6.29,5.09
DOOR,5.43,4.56
DOORBELL,5.12,5.47
DORM,5.12,5.03
DOUGH,6.03,4.15
DOUGHNUT,6.86,5.05
DOVE,6.62,3.07
DRAGON,5.39,6.96
DRAWER,5.3,4.31
DRAWING,6.21,4.36
DRESS,6.09,4.66
DRESSER,5.48,4.26
DRILL,4.74,6
DRINK,6.5,4.73
DRIVER,5.67,5.54
DRIVEWAY,5.36,4.42
DRUG,3.69,6.2
DRUM,5.8,5.62
DRYER,5.48,4.43
DUCK,6.11,4.36
DUMP,3.05,5.44
DUNE,5.43,4.05
DUNGEON,3.03,6.93
DUST,3.55,4.72
DUSTPAN,4.45,4.51
DWARF,4.82,4.83
DYNAMITE,3.9,7.22
EAGLE,6.45,5.39
EAR,5.43,4.6
EARRING,5.88,5.04
EARTH,6.95,4.82
EDITOR,5.32,5.09
EDITORIAL,5.23,4.91
EGG,5.95,4.36
EGYPT,5.62,5.84
ELBOW,5.13,4.6
ELECTRICIAN,5.45,5.37
ELECTRON,5.49,5.24
ELEPHANT,6.21,5.29
ELEVATOR,5.38,5.12
ELF,5.9,5.02
ELK,5.82,4.62
ELM,5.89,3.77
EMERALD,6.84,5.3
EMPEROR,4.76,5.98
EMPIRE,5.04,6.08
EMPLOYEE,5.34,5.02
EMPLOYER,5.13,5.73
ENCYCLOPEDIA,5.85,4.69
ENEMY,2.48,7.28
ENGINE,5.49,5.67
ENGINEER,5.8,5.11
ENVELOPE,5.38,4.44
ERASER,5.33,4.44
ESCALATOR,5.54,5.15
FACE,6,4.99
FACTORY,4.59,5.44
FAIRY,6.44,4.35
FAMILY,7.28,4.39
FAN,6.12,4.72
FARM,6.19,4.19
FARMER,6.14,4.2
FATHER,6.55,4.75
FAUCET,5.35,4.52
FEAST,6.98,5.54
FEATHER,6.06,3.46
FELLOW,5.77,4.44
FEMALE,6.91,5.48
FENCE,5.09,4.4
FIDDLE,5.87,4.85
FIELD,6.13,3.79
FIG,5.54,4.25
FIGHTER,4.41,6.92
FILM,6.33,5.14
FIN,5.24,4.86
FINGER,5.47,4.75
FINGERNAIL,4.93,4.82
FIREMAN,6.35,6.35
FIREPLACE,6.55,3.95
FISH,5.78,4.38
FIST,3.98,6.37
FLAG,5.94,5.25
FLANNEL,5.62,3.53
FLASHLIGHT,5.71,4.82
FLASK,5.36,4.84
FLEA,2.6,6.04
FLEET,5.24,5.35
FLESH,4.81,5.72
FLIPPER,5.53,4.81
FLOOR,5.23,4.22
FLORIDA,6.06,5.19
FLOUR,5.68,4.06
FLOWER,7.17,3.28
FLUTE,6.15,4.27
FLY,4.18,5.58
FOE,3.07,6.64
FOLDER,5.31,4.29
FOLLOWER,4.74,4.98
FOOT,5.05,4.58
FOOTBALL,5.81,5.91
FOREHEAD,5.19,4.51
FOREST,6.65,3.81
FORK,5.34,4.81
FORT,5.51,5.17
FOSSIL,5.79,4.81
FOUNTAIN,6.53,3.9
FOX,5.84,5.66
FRAGRANCE,6.29,5.02
FRAME,5.3,4.56
FRANCE,6.15,5.49
FRECKLE,5.43,4.59
FREEWAY,5.04,6.04
FREEZER,5.34,4.82
FRIAR,5.14,4.27
PLATE,5.49,4.4
PLAYGROUND,6.72,5.34
PLAZA,5.66,4.97
PLIERS,4.79,5.23
PLUM,6.25,4.3
PLUMBER,4.8,5
PLUTO,5.83,4.97
FRIEND,7.68,4.5
FRIES,6.65,5.11
FROG,5.41,4.75
FROST,4.96,4.74
FRUIT,6.99,4.49
FUDGE,6.91,4.98
FUGITIVE,2.73,7.07
FUNERAL,2.16,6.27
FUNGUS,2.97,5.91
FUR,5.41,4.5
FURNITURE,5.86,4.15
GALAXY,6.64,5.62
GALLON,5.34,4.62
GANG,2.76,6.87
GANGSTER,2.84,7.06
GARAGE,5.35,4.38
GARBAGE,2.74,5.52
GARDEN,6.94,3.22
GARLIC,5.61,5.08
GATE,5.45,4.6
GAUZE,4.38,4.78
GAVEL,4.67,5.5
GAZELLE,6.06,4.61
GEM,6.74,5.35
GENERAL,5.16,5.58
GENTLEMAN,6.62,4.67
GERM,2.76,6.2
GHETTO,2.64,6.53
GHOST,3.96,6.53
GIFT,7.41,5.72
GIRAFFE,6.34,4.98
GIRL,6.77,5.29
GLACIER,5.51,4.83
GLASS,5.74,4.69
GLASSES,5.48,4.45
GLOBE,6.14,4.84
GLOVE,5.46,4.3
GLUE,5.15,4.71
GOAT,5.46,4.86
GOBLIN,3.63,6.46
GODDESS,6.59,5.78
GOLD,6.94,5.99
GOO,3.77,5.26
GOOSE,5.71,4.46
GORILLA,5.36,6.31
GOVERNOR,4.63,5.41
GOWN,5.98,4.78
GRADUATE,6.69,5.57
GRAPE,6.58,4.59
GRASS,6.32,3.09
GRASSHOPPER,4.95,4.85
GRATE,4.62,5.02
GRAVE,2.8,5.99
GRAVEL,4.68,4.63
GREASE,3.88,5.3
GRILL,6.04,5.24
GRIZZLY,4.22,6.88
GROCERIES,6.26,4.95
GROCERY,5.98,4.86
GROOM,6.16,5.15
GROUND,5.32,4.1
GUARD,5.17,5.81
GUARDIAN,6.09,4.79
GUEST,5.76,5.07
GUITAR,6.59,5.12
GULL,4.98,4.2
GUM,5.77,4.46
GUN,3.58,7.39
GYM,5.51,5.95
GYMNAST,5.99,5.71
HAIL,3.93,5.96
HALL,5.29,4.34
HAM,5.95,4.81
HAMBURGER,6.64,5.36
HAMMER,4.95,5.76
HAMMOCK,6.72,2.55
HAMPER,4.78,4.28
HAND,5.58,4.52
HANDBAG,5.64,4.56
HANDCUFFS,3.41,6.95
HANDKERCHIEF,5.2,4.1
HANGER,4.91,4.7
HARE,5.76,4.36
HARP,6.32,3.55
HAT,5.65,4.32
HATCHET,3.88,6.47
HAWK,5.81,5.87
HAY,5.31,3.91
HAYSTACK,5.51,3.94
HEAD,5.57,5.01
HEADBAND,5.38,4.42
HEART,6.6,5.22
HEATER,5.88,4.73
HEDGE,5.4,4.15
HEEL,5.05,4.66
HELICOPTER,5.81,6.15
HELMET,5.34,5.08
HEN,5.64,4.25
HERB,6.07,4.02
HERD,5.16,4.96
HERO,7.22,6.21
HIGHWAY,5.15,5.68
HIKER,5.8,5.4
HINGE,5.13,4.7
HIP,5.52,4.82
HOE,4.63,4.81
HOME,7.38,2.76
HONEY,6.91,4.1
HOOD,4.97,4.84
HOOK,4.54,5.49
HOOP,5.52,4.7
HORIZON,6.44,3.72
HORNET,2.81,7
HORSE,6.29,4.88
HOSE,5.3,4.66
HOSPITAL,4.08,6.68
HOSTAGE,2.5,7.48
HOSTESS,5.9,5.06
HOUND,5.35,5.28
HOUSE,6.55,3.86
HUMAN,6.41,5.21
HURRICANE,2.88,7.53
HUSBAND,6.54,4.89
HUT,5.22,4.32
ICE,5.58,4.81
ICEBERG,4.73,5.33
ICING,6.57,4.73
IDOL,5.34,5.57
IGLOO,5.71,4.48
INCENSE,5.6,4.14
INDIAN,5.64,5.28
INFANT,6.27,4.87
INMATE,2.71,6.82
INN,5.99,3.89
INSECT,3.71,6
INSTRUCTOR,5.57,5.28
INTESTINE,3.8,5.74
INVENTOR,6.32,5.52
IRON,4.93,4.95
ISLAND,6.89,3.77
ITEM,5.15,4.58
JACKET,5.75,4.34
JAM,5.88,4.6
JAPAN,6.09,5.53
JAR,5.31,4.41
JAW,4.8,5.12
JEANS,6.15,4.52
JEEP,5.85,5.42
JELLO,6.29,4.16
JELLY,5.98,4.56
JET,5.81,6.33
JEWEL,6.72,5.48
JOINT,5.13,4.85
JOKER,5.33,5.79
JOURNAL,5.73,4.37
JUDGE,4.75,6.17
JUG,5.24,4.29
JUGGLER,5.89,5.57
JUNGLE,5.48,5.87
JUPITER,6.05,5.28
JURY,4.53,6.1
JUVENILE,4.58,5.35
KANGAROO,6.22,5.16
KEEPER,5.64,4.74
KEG,5.64,5.39
KETCHUP,5.97,4.63
KETTLE,5.57,4.48
KEY,5.68,4.9
KEYBOARD,5.89,5.01
KID,6.01,5.17
KIDNEY,4.82,5.16
KING,5.58,5.77
KITCHEN,6.18,4.54
KITE,6.43,4.4
KITTEN,7.59,4.01
KIWI,6.43,4.46
KLEENEX,5.16,4.27
KNAPSACK,5.48,4.4
KNEE,5.19,4.77
KNIFE,4.18,6.64
KNIGHT,6.12,5.83
KNOB,5.13,4.44
KNOT,4.93,4.93
KNUCKLE,4.76,5.2
LABEL,5.09,4.46
LABYRINTH,5.18,6.21
LACE,6.3,4.26
LADDER,5.31,4.9
LADY,6.65,5.15
LAGOON,6.2,3.8
LAKE,6.85,3.38
LAMB,6.31,3.4
LAMP,5.65,4.2
LANDSCAPE,6.41,3.42
LAPEL,5.28,4.45
LASER,5.61,6.17
LASH,4.06,5.62
LAUNDRY,4.57,4.77
LAVA,4.32,6.61
LAWN,6.05,3.42
LAWYER,4.16,6.19
LEADER,5.81,5.78
LEAF,6.02,3.53
LEG,5.49,4.69
LEMON,5.88,4.84
LENS,5.54,4.46
LEOPARD,5.86,6.23
LETTER,5.72,4.72
LETTUCE,5.81,4.16
LEVER,5.16,4.61
LIBRARY,6.8,3.05
LID,5.19,4.29
LIEUTENANT,4.92,6.06
LIGHTER,5.26,5.53
LIGHTNING,4.92,6.81
LILY,6.85,3.38
LIMB,5.05,4.9
LIME,6.03,4.76
LIMOUSINE,5.97,5.46
LINEN,5.9,3.63
LINT,4.12,4.29
LION,5.77,6.78
LIP,5.73,5.07
LIPSTICK,5.71,5.21
LIST,5.42,4.5
LITERATURE,6.6,4.64
LITTER,3.18,5.6
LIVER,4.16,5.08
LIZARD,4.81,5.59
LOAF,5.69,4.11
LOBBY,5.24,4.37
LOBSTER,5.69,5.13
LOCK,4.91,5.07
LODGE,5.93,3.78
LOFT,5.98,4.08
LOG,5.16,4.06
LOLLIPOP,6.78,4.57
LONDON,6.43,5.7
LOOP,5.4,4.49
LOUNGE,6.16,3.08
LOVER,7.74,6.47
LUGGAGE,5.32,4.84
LUMBER,5.36,4.61
LUNCH,6.72,4.62
LUNG,5.31,5.05
MACARONI,6.33,4.39
MACHINE,5.36,5.39
MAGAZINE,5.65,4.59
MAGICIAN,6.18,5.85
MAGNET,5.5,4.94
MAID,5.41,4.6
MAILBOX,5.43,4.72
MAILMAN,5.66,4.92
MAJOR,5.41,5.51
MALL,5.71,5.56
MAMMAL,6.16,4.85
MAN,6.1,5.3
MANAGER,4.97,5.6
MANSION,6.22,5.56
MAP,5.89,4.92
MAPLE,6.43,4.03
MARBLE,5.89,4.16
MARGARINE,4.93,4.46
MARINE,5.78,5.61
MARKER,5.44,4.63
MARKET,5.66,5.3
MARROW,4.72,5.14
MARS,6.01,5.48
MARSH,4.77,4.23
MASCARA,5.41,4.78
MASK,4.85,5.43
MAT,5.09,4.15
MATCH,5.3,5.23
MATTRESS,6.05,3.33
MAYONNAISE,5.12,4.55
MEADOW,6.98,2.69
MEAL,6.74,4.73
MEAT,5.9,5.4
MECHANIC,5.17,5.52
MEDAL,6.15,5.54
MEDICINE,5.45,5.55
MERMAID,6.26,5.08
MESSAGE,5.67,5.21
METEOR,5.16,6.5
MICROPHONE,5.45,5.29
MICROSCOPE,5.61,5
MICROWAVE,5.63,4.99
MILDEW,2.61,5.73
MILITARY,4.75,6.75
MILK,6.04,3.99
MINER,5.01,5.29
MINK,5.18,5.04
MINT,6.32,4.63
MIRROR,5.6,4.88
MISSILE,3.22,7.07
MISTER,5.35,4.72
MITTEN,5.93,3.9
MOAT,4.95,4.68
MOB,3.14,6.88
MOLECULE,5.47,4.92
MONARCH,5.16,5.49
MONASTERY,5.13,3.4
MONEY,6.96,6.49
MONGOOSE,5.12,5.44
MONK,5.28,3.58
MONKEY,6.15,5.63
MONSTER,3.1,7.25
MONUMENT,5.94,4.62
MOON,6.86,3.67
MOOSE,5.67,4.99
MOP,4.51,4.6
MOSQUITO,2.4,6.48
MOSS,4.99,3.62
MOTEL,5.2,4.86
MOTH,4.12,4.94
MOTHER,7.09,4.41
MOTOR,5.33,5.41
MOTORCYCLE,5.54,6.2
MOUNTAIN,6.52,4.47
MOUSE,4.25,5.61
MOUTH,5.75,5.14
MOVIE,6.82,5.34
MOWER,4.84,5.06
MUFFIN,6.72,4.24
MUG,5.5,4.33
MULE,5.18,4.74
MUMMY,4.25,5.71
MUSEUM,6.5,4.22
MUSHROOM,5.22,4.49
MUSTARD,5.17,4.66
NAIL,4.78,5.14
NAPKIN,5.55,4.14
NAVIGATOR,5.45,5.34
NECK,5.37,4.86
NECKLACE,6.3,5.05
NEEDLE,3.83,6.05
NEPHEW,6.33,4.49
NEPTUNE,5.94,5.1
NERVE,4.53,5.93
NEST,5.63,3.58
NET,5.18,4.93
NEUTRON,5.41,5.06
NEWSPAPER,5.49,4.7
NEWSSTAND,5.33,4.74
NICKEL,5.77,4.79
NICOTINE,3.08,5.79
NIECE,6.38,4.46
NIGHTGOWN,5.81,4.31
NITROGEN,5.04,5.2
NOMAD,5.2,5.14
NOOSE,2.63,6.87
NOSE,5.35,4.65
NOTE,5.62,4.59
NOTEBOOK,5.79,4.42
NOVEL,6.45,4.39
NUCLEUS,5.47,4.88
NUN,5.18,3.68
NURSE,6.14,5.2
NURSERY,6.09,4.08
NUT,5.78,4.73
OAR,5.4,4.29
OATMEAL,5.88,3.75
OATS,5.9,3.87
OBOE,5.42,4.36
OCEAN,7.06,3.36
OCTOPUS,5.17,5.66
OFFICE,4.94,4.95
OFFICER,4.79,6.44
OINTMENT,4.68,4.77
OLIVE,5.39,4.52
OMELET,6.37,4.61
ONION,5.21,4.98
OPERA,5.58,4.58
OPERATOR,5.32,5.1
ORANGE,6.65,4.75
ORCHESTRA,6.38,4.87
ORCHID,6.88,3.58
OREGANO,6.07,4.29
ORGAN,5.24,5.06
ORNAMENT,6.02,4.7
OTTER,6.33,4.65
OUTDOORS,6.84,4.12
OUTFIT,5.59,4.8
OUTLAW,3.49,6.91
OVAL,5.39,4.24
OVEN,5.75,4.88
OWL,6.22,4.23
OWNER,5.41,5.03
OX,5.15,4.81
OYSTER,4.7,4.46
OZONE,4.89,5.25
PACKAGE,5.97,5.32
PAD,5.2,4.15
PADDING,5.33,4.08
PADDLE,5.05,5.05
PAGE,5.4,4.36
PAIL,5.08,4.26
PAINT,5.81,4.66
PAINTER,5.97,4.68
PAINTING,6.46,4.22
PALACE,6.35,5.39
PALM,5.69,3.81
PAN,5.39,4.38
PANTHER,5.52,6.78
PANTS,5.71,4.59
PAPER,5.75,4.29
PARCEL,5.65,4.81
PARENT,6.42,4.71
PARIS,6.69,5.84
PARROT,6.15,5.3
PARSLEY,5.79,4.04
PARTNER,6.67,4.87
PARTY,6.74,6.78
PASSAGE,5.58,4.57
PASSENGER,5.5,4.78
PASTA,6.76,4.61
PASTRY,7.03,4.59
PATH,5.81,4.01
PATIENT,5.03,4.79
PATIO,6.18,3.57
PATRIOT,5.78,5.73
PATROL,4.73,5.98
PAVEMENT,5.13,4.55
PAW,6.01,4.28
PAWN,4.51,4.94
PEACH,6.81,4.35
PEANUT,5.97,4.63
PEAR,6.33,4.21
PEARL,6.54,4.57
PEBBLE,5.39,4.07
PECAN,5.93,4.43
PEDAL,5.39,4.82
PEDESTRIAN,5.3,4.77
PELICAN,5.87,4.6
PELT,4.68,5.13
PEN,5.58,4.69
PENCIL,5.51,4.49
PENDULUM,5.2,4.57
PENGUIN,6.63,4.7
PENNY,5.6,4.65
PEOPLE,5.89,5.66
PEPPER,5.59,5.4
PERCH,5.46,4.39
PERFUME,6.09,5.3
PERISCOPE,5.28,4.97
PERMIT,5.09,4.95
PERSON,6.06,5.14
PERSONNEL,5.18,4.67
PHILOSOPHER,6.09,4.67
PHOTO,6.33,4.73
PHYSICIAN,5.3,5.91
PIANO,6.62,4.1
PICK,5.03,5.1
PICKLE,5.3,4.95
PICNIC,7.03,3.63
PICTURE,6.26,4.54
PIE,7.17,4.65
PIER,6,3.82
PIG,4.92,5.19
PIGEON,4.9,4.58
PIGMENT,5.38,4.72
PIKE,4.67,5.13
PILL,4.49,5.29
PILLOW,7.04,2.59
PILOT,5.85,5.76
PIMPLE,2.74,5.87
PIN,4.99,5
PIPE,4.72,4.87
PIRATE,4.28,6.7
PISTOL,3.81,7.26
PISTON,4.97,5.4
PIT,3.88,5.7
PITCHFORK,4.05,5.86
PIZZA,7.37,5.55
PLAID,5.37,4.41
PLANE,5.68,6.08
PLANET,6.34,5.31
PLANT,6.39,3.85
PLAQUE,3.85,5.2
PLASTER,4.82,4.56
POCKET,5.5,4.45
POCKETBOOK,5.52,4.79
POET,5.95,3.82
POISON,2.27,7.2
POLE,5.21,4.66
POLICE,4.68,7.09
POLITICIAN,3.33,6.31
POLYESTER,4.33,4.78
POND,6.42,3.11
PONY,6.5,4.56
POOL,6.7,4.12
POPCORN,6.67,4.75
POPE,4.9,4.31
PORCH,6.14,3.49
PORCUPINE,4.77,5.62
PORK,5.37,5.03
PORPOISE,5.91,4.53
PORT,5.47,4.66
PORTRAIT,5.97,4.26
POSSUM,4.26,4.99
POSTAGE,4.91,4.53
POT,5.3,4.52
POTATO,6.13,4.33
POTTERY,5.89,4.09
POWDER,5.39,4.25
PRAIRIE,6.14,3.19
PREACHER,4.91,4.88
PREDATOR,2.97,7.31
PRESIDENT,5.18,6.24
PRIEST,4.9,4.63
PRIMATE,5.34,5.52
PRINCE,5.85,5.51
PRINCESS,6.48,5.32
PRINTER,5.24,4.81
PRISON,2.21,7.11
PRISONER,2.53,6.85
PRODUCER,5.41,5.23
PROFESSIONAL,5.99,5.23
PROFESSOR,5.83,5.28
PROTON,5.43,5
PROTRACTOR,4.93,4.69
PRUNE,4.47,4.31
PUB,5.87,5.22
PUBLICATION,5.45,4.78
PUBLISHER,5.43,4.83
PUCK,5.06,5.16
PUDDING,6.78,4.4
PUDDLE,4.78,4.33
PUMP,5.08,4.91
PUMPKIN,6.36,4.37
PUPIL,5.43,4.97
PUPPY,7.78,4.99
PURSE,5.71,4.73
PUZZLE,6.3,5.52
QUAIL,5.69,4.35
QUARTER,6,4.93
QUEEN,5.77,5.47
QUILL,5.33,4.36
QUILT,6.34,3.2
YOKE,4.71,4.68
YOLK,5.11,4.37
YOUTH,6.39,5.02
ZEBRA,6.27,4.82
ZIPPER,5.33,4.99
ZOO,6.36,5.54
ZUCCHINI,5.52,4.55
RABBIT,6.52,4.41
RACCOON,5.02,5.47
RACK,5.15,4.8
RACKET,4.62,5.67
RADIATOR,4.89,5
RADIO,6.18,5.11
RADISH,4.81,4.46
RAFT,5.59,4.9
RAG,4.32,4.62
RAIL,5.2,4.76
RAILROAD,5.73,5.16
RAISIN,5.57,4.34
RAKE,4.88,4.8
RAM,5.11,5.54
RANCH,5.97,4.5
RASH,2.73,6.47
RASPBERRY,6.65,4.76
RAT,2.95,6.65
RATTLE,4.67,5.82
RAZOR,4.48,5.98
REBEL,4.5,6.72
RECEIPT,5.06,4.84
RECEPTIONIST,5.53,4.88
RECIPE,6.23,4.49
RECORD,5.68,4.85
REEF,6.28,4.27
REFEREE,5.09,5.48
REFRIGERATOR,5.94,4.47
REGISTER,5.04,4.85
REINDEER,6.39,4.59
RELATIVE,6.14,4.82
RELISH,5.39,4.52
REPORT,4.97,5.11
REPTILE,4.67,6.08
RESORT,6.76,3.77
RESTAURANT,6.44,5.12
RIB,5.34,4.87
RIBBON,6.08,4.09
RICE,6.26,4.13
RIDER,5.51,5.33
RIFLE,3.93,7.06
RING,6.42,5.52
RIVER,6.62,3.9
ROACH,2.16,6.94
ROAD,5.7,5.07
ROBBER,2.31,7.13
ROBE,5.67,3.66
ROBIN,6.43,4.02
ROBOT,5.74,5.7
ROCK,5.35,4.3
ROCKET,5.73,6.56
ROD,4.91,5.13
RODENT,2.88,6.53
ROOF,5.38,4.44
ROOM,5.7,4.06
ROOMMATE,5.18,5.33
ROOST,5.23,4.52
ROOSTER,5.33,5.4
ROOT,5.1,4.24
ROPE,5.11,4.92
ROSE,7.17,3.96
ROUGE,5.05,5.08
RUBY,6.74,5.3
RUG,5.48,3.94
RULER,4.96,4.87
RUM,5.8,5.19
RUNNER,5.75,5.69
RUST,3.37,5.03
SACK,4.93,4.38
SADDLE,5.5,4.68
SAGE,6.05,4.01
SAILOR,5.68,5.23
SALAD,6.17,4.19
SALESMAN,4.17,5.48
SALIVA,4.08,5.19
SALMON,5.6,4.6
SALOON,5.49,5.31
SALT,5.69,4.77
SAND,5.7,3.39
SANDPAPER,4.33,5.28
SANDWICH,6.82,4.63
SAP,4.69,4.52
SAPPHIRE,6.86,5.51
SARDINE,3.68,4.66
SATURN,6.11,5.31
SAUCER,5.31,4.29
SAUSAGE,5.75,5.06
SAW,4.6,5.77
SAXOPHONE,5.92,4.91
SCALE,4.82,4.91
SCALLOP,5.34,4.59
SCALPEL,3.8,6.64
SCAPEGOAT,3.16,6.21
SCARECROW,4.95,5.34
SCARF,5.74,4.2
SCENERY,6.93,3.28
SCHOOL,5.65,5.39
SCIENTIST,6.25,5.55
SCISSORS,5.12,5.38
SCOTCH,5.66,4.99
SCOUT,5.44,5.1
SCREEN,5.45,4.44
SCREW,4.92,5.36
SCREWDRIVER,5.08,5.11
SCRIBBLE,5.07,4.86
SCROLL,5.3,4.64
SCULPTURE,6.09,4.31
SEA,6.77,3.73
SEAFOOD,5.74,5.02
SEAGULL,5.19,4.34
SEAL,6.04,4.41
SEASHORE,7.09,3.31
SEAT,5.48,3.96
SECRETARY,5.65,5.08
SEED,5.98,4.28
SENATE,3.88,5.6
SENATOR,3.76,5.58
SERGEANT,4.9,6
SERPENT,3.63,6.78
SERVANT,4.05,5.24
SERVER,5.47,5.05
SHACK,4.5,4.59
SHAMPOO,6.02,4.08
SHARK,4.11,7.26
SHEARS,4.89,5.46
SHED,5.05,4.36
SHEEP,5.85,3.62
SHEET,5.57,3.9
SHELF,5.33,4.49
SHELL,5.68,3.98
SHELTER,6.05,4.04
SHEPHERD,5.75,3.89
SHERIFF,4.73,6.53
SHINGLE,4.46,4.79
SHIP,5.84,5.21
SHIRT,5.78,4.41
SHOE,5.76,4.45
SHOELACE,5.22,4.21
SHOP,5.96,5.37
SHORE,6.59,3.26
SHORTCAKE,6.74,4.72
SHORTS,5.77,4.57
SHOULDER,5.38,4.57
SHOVEL,4.72,5.12
SHOWER,6.72,3.91
SHRIMP,5.66,4.96
SHRINE,5.53,4.62
SHRUB,5.47,4.08
SHUTTER,4.96,4.58
SIBLING,6.33,4.97
SICKLE,4.08,5.82
SIDEWALK,5.44,4.35
SIDING,5.16,4.42
SIGN,5.43,4.79
SIGNATURE,5.6,4.68
SILK,6.72,3.77
SILVERWARE,5.47,4.39
SINK,4.94,4.56
SIREN,3.98,7.13
SIRLOIN,6.33,5.36
SISTER,6.52,4.43
SKATE,5.92,5.45
SKELETON,3.87,6.18
SKETCH,5.81,4.53
SKI,5.87,5.6
SKILLET,5.63,4.95
SKIN,5.72,5.02
SKIRT,6.18,5.41
SKULL,3.98,6.21
SKUNK,3.38,6.38
SKYSCRAPER,5.51,5.9
SLACKS,5.33,4.31
SLEEVE,5.32,4.24
SLEIGH,6.15,4.73
SLIDE,6.24,4.92
SLIME,2.97,5.91
SLOPE,5.14,4.71
SLUG,3.45,5.06
SMOG,2.7,5.7
SNACK,6.68,4.95
SNAIL,4.49,3.93
SNAKE,3.64,6.89
SNEAKER,5.76,4.7
SNOB,2.77,6.09
SNORKEL,5.72,5.12
SOAP,6.08,4.14
SOCIETY,5.28,5.67
SOCK,5.32,4.06
SOCKET,4.98,4.87
SODA,6.21,5.1
SOFA,6.18,3.25
SOFTBALL,5.59,5.01
SOLDIER,5.22,6.59
SPACE,6.39,5.03
SPAGHETTI,6.67,4.68
SPARROW,6.24,4.26
SPATULA,5.28,4.35
SPHINX,5.83,5.28
SPICE,6.17,5.52
SPIDER,3.04,6.95
SPINACH,5.36,4.42
SPINE,5.09,5.18
SPIT,2.94,6.03
SPONGE,5.19,4.13
SPOOL,5.18,4.21
SPOON,5.64,4.21
SPOUSE,6.82,5.02
SPRINKLE,6.22,4.45
SPY,3.98,6.39
SQUID,4.4,5.62
SQUIRREL,6.04,4.76
STABLE,5.75,3.84
STADIUM,5.79,6.01
STAFF,5.22,5.04
STAGE,5.55,5.44
STAIRS,5.1,5
STAKE,4.59,5.41
STALLION,6.18,5.8
STAMP,5.33,4.53
STAPLE,5.07,4.8
STAPLER,5.18,4.8
STAR,6.93,4.98
STATUE,5.7,4.43
STEAM,5.47,4.93
STEM,5.33,4.3
STEP,5.29,4.61
STEREO,6.32,5.33
STETHOSCOPE,4.89,5.49
STEW,5.91,4.35
STEWARDESS,5.69,5.12
STICKER,5.6,4.61
STOCKING,5.59,4.73
STOMACH,4.82,5.09
STONE,5.27,4.37
STOOL,4.7,4.47
STORE,5.82,5.05
STOVE,5.62,5.03
STRANGER,4.02,6.22
STRAW,5.31,4.14
STRAWBERRY,7.16,4.32
STREAM,6.52,3.25
STREET,5.4,5.03
STRING,5.38,4.46
STUDENT,5.87,5.19
STUMP,4.38,4.76
STY,3.15,5.36
SUBMARINE,5.41,5.44
SUBURB,5.49,4.18
SUBWAY,5.29,5.6
SUGAR,6.66,5.2
SUIT,5.73,4.89
SUITCASE,5.36,4.93
SUITE,6.1,4.18
SUMMIT,5.86,5.37
SUN,7.15,4.71
SUNRISE,7.56,3.5
SUNSET,7.64,2.75
SUPERMARKET,5.87,5.23
SUPERVISOR,4.61,5.88
SUPPER,6.61,4.67
SURF,6.36,4.79
SURGEON,5.04,6.41
SURVEY,5.52,5.02
SUSPECT,3.17,6.63
SWAMP,3.95,4.99
SWAN,6.64,3.61
SWATTER,4.05,5.58
SWEATER,5.86,3.84
SWIMMER,6.01,4.96
SWING,6.37,4.62
SWITCH,5.05,4.98
SWORD,5.07,6.58
SYRINGE,3.19,6.75
SYRUP,6.21,4.37
TABLE,5.58,4.21
TABLET,5.89,4.71
TACK,4.33,5.14
TAG,5.11,4.7
TAIL,5.3,4.79
TANGERINE,6.4,4.62
TANK,4.55,6.1
TAPE,5.27,4.52
TAPIOCA,5.1,4.43
TAR,3.67,4.96
TART,5.59,5.37
TAVERN,5.74,5.16
TAXI,5.17,5.33
TEA,6.47,3.54
TEACHER,6.11,5.34
TEAM,6.17,5.27
TEAPOT,6,3.82
TECHNICIAN,5.43,5.12
TEENAGER,5.05,5.67
TELEPHONE,5.7,5.32
TELESCOPE,6.21,5.16
TELEVISION,6.33,5.49
TEMPLE,5.64,4.24
TENT,5.82,4.29
TERMINAL,4.22,5.64
TERMITE,2.47,6.36
TERRITORY,5.09,5.27
THERMOMETER,5.13,5.15
THESAURUS,5.69,4.7
THICKET,4.64,4.91
THIEF,2.46,7.03
THIGH,5.39,4.95
THIMBLE,5.19,4.2
THORN,3.44,6.24
THREAD,5.43,4.15
THRONE,5.57,5.64
THUMB,5.38,4.42
TICK,2.74,6.2
TICKET,4.8,5.63
TIDE,5.92,4.1
TIE,5.31,4.44
TIGER,5.93,6.94
TILE,5.41,4.19
TIMBER,5.52,4.73
TOAD,4.62,4.86
TOAST,6.09,4.21
TOASTER,5.75,4.63
TOE,4.97,4.52
TOENAIL,4.07,5.11
TOILET,4.11,4.84
TOMATO,6.19,4.49
TOMB,3.3,5.83
TOMBSTONE,3.12,5.65
TONGUE,5.41,5.09
TOOL,5.52,5.28
TOOTH,5.23,5.19
TOOTHBRUSH,5.7,4.41
TOOTHPASTE,5.78,4.54
TORCH,5.07,6.12
TORNADO,2.86,7.72
TORTOISE,5.95,3.52
TOTE,5.29,4.46
TOURIST,5.4,5.24
TOWEL,5.76,3.94
TOWER,5.59,5.31
TOWN,5.83,4.8
TOY,6.82,5.25
TRACTOR,5.36,4.95
TRAIN,5.95,5.4
TRAITOR,2.5,7.04
TRANSPLANT,4.73,6.03
TRASH,3.07,5.43
TRAY,5.2,4.54
TREAD,5.12,4.8
TREASURE,7.33,6.42
TREAT,7.06,5.39
TREE,6.64,3.44
TRENCH,4.16,5.4
TRIANGLE,5.41,4.59
TRIBE,5.47,5.5
TRICYCLE,5.6,4.65
TRIGGER,4.08,6.7
TROMBONE,5.35,5.2
TROPHY,6.53,5.78
TROUSERS,5.38,4.65
TROUT,5.38,4.52
TRUCK,5.54,5.34
TRUMPET,5.74,5.68
TUB,5.52,3.52
TUBA,5.3,5.02
TUBE,5.06,4.55
TULIP,6.82,3.39
TUNA,5.4,4.76
TUNNEL,5.14,5.32
TURKEY,6.05,4.66
TURNIP,4.57,4.12
TURTLE,6.23,3.62
TUSK,4.92,5.26
TUTU,5.53,4.92
TUXEDO,5.96,5.34
TWEEZERS,4.78,5.22
TWIG,5.27,4.17
TWIN,5.86,4.88
TWINE,5.26,4.32
TWISTER,3.64,6.97
TYPEWRITER,5.49,4.68
TYPIST,5.37,4.74
ULCER,2.39,6.59
UMBRELLA,5.59,4.51
UMPIRE,4.91,5.49
UNCLE,6.22,4.45
UNDERWEAR,5.38,5.06
UNICORN,6.59,4.98
UNIFORM,4.9,5.15
UNIVERSE,6.77,5.48
UNIVERSITY,6.23,5.51
UTENSIL,5.28,4.56
VACUUM,4.9,5.01
VAGRANT,3.43,6.04
VALLEY,6.15,3.59
VALVE,5.21,4.7
VAMPIRE,3.93,7.14
VAN,5.12,4.84
VASE,5.75,3.92
VAULT,5.33,5.18
VEAL,4.66,5.05
VEGETABLE,6.17,4.18
VEHICLE,5.96,5.54
VEIN,4.56,5.65
VELVET,6.21,3.7
VENT,5.14,4.86
VENUS,6.12,5.29
VESSEL,5.46,5.09
VEST,5.17,4.39
VET,5.84,5.49
VETERAN,5.98,5.55
VICTIM,2.77,7.11
VICTOR,5.92,5.88
VIDEO,6.03,5.36
VIKING,5.1,6.11
VILLAGE,5.88,4.43
VILLAIN,2.6,7.01
VINE,5.63,4.24
VINEGAR,4.5,5.04
VIOLA,6.12,4.41
VIOLIN,6.19,4.12
VIRUS,2.39,7.02
VISITOR,5.71,5.36
VITAMIN,6.06,4.72
VOLCANO,4.31,7.02
VOLLEYBALL,5.85,5.32
VOLUNTEER,6.49,4.76
WAGON,5.44,4.67
WAIST,5.22,4.74
WAITER,5.7,4.82
WAITRESS,5.95,5.02
WALL,5.1,4.34
WALLET,5.81,5.22
WALNUT,5.88,4.4
WALRUS,5.63,5.14
WAND,5.72,4.93
WARDROBE,5.8,4.62
WAREHOUSE,4.97,4.78
WARRIOR,5.36,6.96
WART,2.64,5.83
WASHCLOTH,5.19,4.11
WASHER,5.54,4.77
WASP,2.63,6.89
WATER,6.92,3.8
WATERFALL,7.25,3.72
WAVE,6.45,4.28
WAX,4.91,4.7
WEB,4.8,5.04
WEED,4.26,5.12
WELL,5.89,3.93
WHALE,6.12,4.94
WHEAT,5.93,3.9
WHEEL,5.68,4.79
WHIP,3.8,6.5
WHISKERS,5.77,4.43
WHISTLE,5.22,5.73
WICK,5.15,4.63
WIDOW,3.57,5.47
WIFE,6.64,5.05
WILDERNESS,6.19,5.09
WINDOW,5.92,4.23
WINDSHIELD,5.18,4.84
WINE,6.26,4.43
WINGS,6.22,4.88
WINNER,7.09,6.37
WIRE,5.14,4.87
WITCH,3.74,6.57
WITNESS,5.09,5.74
WOLF,5.21,6.59
WOMAN,6.94,5.45
WORKER,5.52,5.44
WORLD,6.51,5.79
WORM,3.76,5.27
WOUND,2.64,6.86
WRENCH,4.93,5.1
WRIST,5.23,4.61
WRITER,6.21,4.89
XEROX,4.96,4.66
YACHT,6.11,4.74
YARD,6.02,4
YARN,5.7,3.76
